AppointmentId,PropertyId,DwellerEmail,AppointmentTimeStamp,AppointmentDate,IsConfirmed,IsRejected,Ismet
1,1,user16@example.com,2023-02-10 09:00:00,2023-02-15 09:00:00,true,false,true
2,1,user17@example.com,2023-03-05 10:30:00,2023-03-10 10:30:00,true,false,true
3,2,user18@example.com,2023-04-20 12:00:00,2023-04-25 12:00:00,true,false,true
4,2,user19@example.com,2023-05-15 13:30:00,2023-05-20 13:30:00,true,false,true
5,3,user20@example.com,2023-06-30 15:00:00,2023-07-05 15:00:00,true,false,true
6,3,user21@example.com,2023-07-25 16:30:00,2023-07-30 16:30:00,true,false,true
7,4,user22@example.com,2023-08-19 18:00:00,2023-08-24 18:00:00,true,false,true
8,4,user23@example.com,2023-09-03 19:30:00,2023-09-08 19:30:00,true,false,true
9,5,user24@example.com,2023-10-18 21:00:00,2023-10-23 21:00:00,true,false,true
10,5,user25@example.com,2023-11-12 22:30:00,2023-11-17 22:30:00,true,false,true
11,6,user26@example.com,2023-12-27 00:00:00,2023-12-31 00:00:00,true,false,true
12,6,user27@example.com,2024-01-21 01:30:00,2024-01-26 01:30:00,true,false,true
13,7,user28@example.com,2024-02-15 03:00:00,2024-02-20 03:00:00,true,false,true
14,7,user29@example.com,2024-03-01 04:30:00,2024-03-06 04:30:00,true,false,true
15,8,user30@example.com,2024-04-15 06:00:00,2024-04-20 06:00:00,true,false,true
16,8,user16@example.com,2024-05-10 07:30:00,2024-05-15 07:30:00,true,false,true
17,9,user17@example.com,2024-06-24 09:00:00,2024-06-29 09:00:00,true,false,true
18,9,user18@example.com,2024-07-19 10:30:00,2024-07-24 10:30:00,true,false,true
19,10,user19@example.com,2024-08-13 12:00:00,2024-08-18 12:00:00,true,false,true
20,10,user20@example.com,2024-09-28 13:30:00,2024-10-03 13:30:00,true,false,true
21,11,user21@example.com,2024-10-23 15:00:00,2024-10-28 15:00:00,true,false,true
22,11,user22@example.com,2024-11-07 16:30:00,2024-11-12 16:30:00,true,false,true
23,12,user23@example.com,2024-12-22 18:00:00,2024-12-27 18:00:00,true,false,true
24,12,user24@example.com,2025-01-16 19:30:00,2025-01-21 19:30:00,true,false,true
25,13,user25@example.com,2025-02-10 21:00:00,2025-02-15 21:00:00,true,false,true
26,13,user26@example.com,2025-03-27 22:30:00,2025-04-01 22:30:00,true,false,true
27,14,user27@example.com,2025-04-21 00:00:00,2025-04-26 00:00:00,true,false,true
28,14,user28@example.com,2025-05-16 01:30:00,2025-05-21 01:30:00,true,false,true
29,15,user29@example.com,2025-06-30 03:00:00,2025-07-05 03:00:00,true,false,true
30,15,user30@example.com,2025-07-25 04:30:00,2025-07-30 04:30:00,true,false,true
31,16,user31@example.com,2025-08-19 06:00:00,2025-08-24 06:00:00,true,false,true
32,16,user32@example.com,2025-09-03 07:30:00,2025-09-08 07:30:00,true,false,true
33,17,user33@example.com,2025-10-18 09:00:00,2025-10-23 09:00:00,true,false,true
34,17,user34@example.com,2025-11-12 10:30:00,2025-11-17 10:30:00,true,false,true
35,18,user35@example.com,2025-12-27 12:00:00,2025-12-31 12:00:00,true,false,true
36,18,user36@example.com,2026-01-21 13:30:00,2026-01-26 13:30:00,true,false,true
37,19,user37@example.com,2026-02-15 15:00:00,2026-02-20 15:00:00,true,false,true
38,19,user38@example.com,2026-03-01 16:30:00,2026-03-06 16:30:00,true,false,true
39,20,user39@example.com,2026-04-15 18:00:00,2026-04-20 18:00:00,true,false,true
40,20,user40@example.com,2026-05-10 19:30:00,2026-05-15 19:30:00,true,false,true