Email,Fname,Lname,ProfileImage,ExpiredDateKYC
user1@example.com,John,Doe,https://example.com/profile1.jpg,2023-12-31 00:00:00
user2@example.com,Jane,Smith,https://example.com/profile2.jpg,2023-12-31 00:00:00
user3@example.com,Robert,Johnson,https://example.com/profile3.jpg,2023-12-31 00:00:00
user4@example.com,Emily,Williams,https://example.com/profile4.jpg,2023-12-31 00:00:00
user5@example.com,Michael,Anderson,https://example.com/profile5.jpg,2023-12-31 00:00:00
user6@example.com,Olivia,Miller,https://example.com/profile6.jpg,2023-12-31 00:00:00
user7@example.com,William,Brown,https://example.com/profile7.jpg,2023-12-31 00:00:00
user8@example.com,Ava,Jones,https://example.com/profile8.jpg,2023-12-31 00:00:00
user9@example.com,James,White,https://example.com/profile9.jpg,2023-12-31 00:00:00
user10@example.com,Emma,Davis,https://example.com/profile10.jpg,2023-12-31 00:00:00
user11@example.com,David,Martin,https://example.com/profile11.jpg,2023-12-31 00:00:00
user12@example.com,Grace,Moore,https://example.com/profile12.jpg,2023-12-31 00:00:00
user13@example.com,Christopher,Hill,https://example.com/profile13.jpg,2023-12-31 00:00:00
user14@example.com,Sophia,Harris,https://example.com/profile14.jpg,2023-12-31 00:00:00
user15@example.com,Aiden,Clark,https://example.com/profile15.jpg,2023-12-31 00:00:00
user16@example.com,Ella,Martin,https://example.com/profile16.jpg,2023-12-31 00:00:00
user17@example.com,Liam,Jackson,https://example.com/profile17.jpg,2023-12-31 00:00:00
user18@example.com,Isabella,Smith,https://example.com/profile18.jpg,2023-12-31 00:00:00
user19@example.com,Logan,Johnson,https://example.com/profile19.jpg,2023-12-31 00:00:00
user20@example.com,Sophia,Brown,https://example.com/profile20.jpg,2023-12-31 00:00:00
user21@example.com,Jack,Miller,https://example.com/profile21.jpg,2023-12-31 00:00:00
user22@example.com,Olivia,Williams,https://example.com/profile22.jpg,2023-12-31 00:00:00
user23@example.com,William,Davis,https://example.com/profile23.jpg,2023-12-31 00:00:00
user24@example.com,Ava,Jackson,https://example.com/profile24.jpg,2023-12-31 00:00:00
user25@example.com,Liam,Moore,https://example.com/profile25.jpg,2023-12-31 00:00:00
user26@example.com,Isabella,Hill,https://example.com/profile26.jpg,2023-12-31 00:00:00
user27@example.com,Ella,Harris,https://example.com/profile27.jpg,2023-12-31 00:00:00
user28@example.com,Logan,Clark,https://example.com/profile28.jpg,2023-12-31 00:00:00
user29@example.com,Sophia,Martin,https://example.com/profile29.jpg,2023-12-31 00:00:00
user30@example.com,Jack,Jackson,https://example.com/profile30.jpg,2023-12-31 00:00:00
user31@example.com,Olivia,Smith,https://example.com/profile31.jpg,2023-12-31 00:00:00
user32@example.com,William,Johnson,https://example.com/profile32.jpg,2023-12-31 00:00:00
user33@example.com,Ava,Williams,https://example.com/profile33.jpg,2023-12-31 00:00:00
user34@example.com,James,Davis,https://example.com/profile34.jpg,2023-12-31 00:00:00
user35@example.com,Emma,Jackson,https://example.com/profile35.jpg,2023-12-31 00:00:00
user36@example.com,David,Moore,https://example.com/profile36.jpg,2023-12-31 00:00:00
user37@example.com,Grace,Hill,https://example.com/profile37.jpg,2023-12-31 00:00:00
user38@example.com,Christopher,Harris,https://example.com/profile38.jpg,2023-12-31 00:00:00
user39@example.com,Sophia,Clark,https://example.com/profile39.jpg,2023-12-31 00:00:00
user40@example.com,Aiden,Martin,https://example.com/profile40.jpg,2023-12-31 00:00:00
user41@example.com,Ella,Jackson,https://example.com/profile41.jpg,2023-12-31 00:00:00
user42@example.com,Liam,Moore,https://example.com/profile42.jpg,2023-12-31 00:00:00
user43@example.com,Isabella,Hill,https://example.com/profile43.jpg,2023-12-31 00:00:00
user44@example.com,Logan,Harris,https://example.com/profile44.jpg,2023-12-31 00:00:00
user45@example.com,Sophia,Clark,https://example.com/profile45.jpg,2023-12-31 00:00:00
user46@example.com,Jack,Martin,https://example.com/profile46.jpg,2023-12-31 00:00:00
user47@example.com,Olivia,Jackson,https://example.com/profile47.jpg,2023-12-31 00:00:00
user48@example.com,William,Moore,https://example.com/profile48.jpg,2023-12-31 00:00:00
user49@example.com,Ava,Hill,https://example.com/profile49.jpg,2023-12-31 00:00:00
user50@example.com,James,Harris,https://example.com/profile50.jpg,2023-12-31 00:00:00
